{
  "results": {
    "mlp": [
      0.0,
      0.0,
      0.0,
      0.0,
      0.0,
      0.0,
      0.0,
      0.0,
      0.0,
      0.0,
      0.0,
      0.0,
      0.0,
      0.0,
      0.0,
      0.0,
      0.0,
      0.1545477238106836,
      0.18385810243492862,
      0.22438968952897367,
      0.3908086544973646,
      0.3487136558422718,
      0.6788888039015865,
      0.5094530327859935,
      0.22223956230251055,
      0.1778564242679903,
      0.2512489782194434,
      0.4082689534538853,
      0.25361249520955204,
      0.5162273508873019,
      0.0,
      0.0
    ],
    "mhsa": [
      0.0,
      0.0,
      0.0,
      0.0,
      0.0,
      0.0,
      0.0,
      0.0,
      0.0,
      0.0,
      0.0,
      0.0,
      0.0,
      0.0,
      0.008757421543681086,
      0.0004166666666666667,
      0.34125168978089065,
      0.4615925349809049,
      0.6247679718577132,
      0.5642415729642555,
      0.25331175133276185,
      0.214846308820113,
      0.6062492793120462,
      0.0021121057118499574,
      0.6402302397753056,
      0.10617176132316504,
      0.6350198811821914,
      0.0,
      0.0,
      0.5908812951453466,
      0.0025188916876574307,
      0.4652070882109543
    ],
    "layer": [
      0.0,
      0.0,
      0.0,
      0.0,
      0.0,
      0.0,
      0.0,
      0.0,
      0.0,
      0.0,
      0.0,
      0.0,
      0.08295025188916877,
      0.0410600335852225,
      0.14154177162048698,
      0.17049013434089,
      0.22112584737524646,
      0.3562633752856832,
      0.6788456390466772,
      0.9313278452613706,
      0.9666303465646551,
      0.9673114611984189,
      0.985992790652053,
      0.9881068550948066,
      0.9825881144090202,
      0.977055378862835,
      0.9826042267598544,
      0.9805082195883167,
      0.9631257440845626,
      0.9588294209039657,
      0.965993201334085,
      1.0
    ]
  },
  "results_std": {
    "mlp": [
      0.0,
      0.0,
      0.0,
      0.0,
      0.0,
      0.0,
      0.0,
      0.0,
      0.0,
      0.0,
      0.0,
      0.0,
      0.0,
      0.0,
      0.0,
      0.0,
      0.0,
      0.2382339333111997,
      0.2783463144784692,
      0.2517481148332892,
      0.31833330341284083,
      0.21891791303889208,
      0.11501229175894422,
      0.15715529680561685,
      0.2498921678636236,
      0.2663316215154311,
      0.1542665615674504,
      0.09168693609668489,
      0.2000019146056509,
      0.22070536404663288,
      0.0,
      0.0
    ],
    "mhsa": [
      0.0,
      0.0,
      0.0,
      0.0,
      0.0,
      0.0,
      0.0,
      0.0,
      0.0,
      0.0,
      0.0,
      0.0,
      0.0,
      0.0,
      0.01222238408687954,
      0.0009316949906249123,
      0.2650051064322253,
      0.2549733879349001,
      0.23631237722205273,
      0.18976011972458828,
      0.07911978109792417,
      0.2646736213885244,
      0.09870897040499561,
      0.00272651711376373,
      0.1406938778991176,
      0.053330637879616616,
      0.2785788083718615,
      0.0,
      0.0,
      0.09554117391337932,
      0.005632413041561183,
      0.20764871657154768
    ],
    "layer": [
      0.0,
      0.0,
      0.0,
      0.0,
      0.0,
      0.0,
      0.0,
      0.0,
      0.0,
      0.0,
      0.0,
      0.0,
      0.12901350900659456,
      0.06570256786472713,
      0.20455565160062267,
      0.264502456708901,
      0.23219676957650617,
      0.25280919564908305,
      0.26855367432358607,
      0.04114409077882321,
      0.025524134026437408,
      0.040605362293254704,
      0.016466643498377086,
      0.015156422933725712,
      0.022085048410196404,
      0.03031754543549165,
      0.01930928557311071,
      0.01921766366165404,
      0.03881875025405442,
      0.04865363249333235,
      0.048024576727605676,
      0.0
    ]
  },
  "per_step_rates": {
    "mlp": {
      "0": [
        0.0,
        0.0,
        0.0,
        0.0,
        0.0,
        0.0,
        0.0,
        0.0,
        0.0,
        0.0,
        0.0,
        0.0,
        0.0,
        0.0,
        0.0,
        0.0,
        0.0,
        0.0,
        0.0,
        0.0,
        0.0,
        0.13810741687979539,
        0.5294117647058824,
        0.33248081841432225,
        0.0,
        0.020460358056265986,
        0.3554987212276215,
        0.48081841432225064,
        0.0025575447570332483,
        0.22250639386189258,
        0.0,
        0.0
      ],
      "1": [
        0.0,
        0.0,
        0.0,
        0.0,
        0.0,
        0.0,
        0.0,
        0.0,
        0.0,
        0.0,
        0.0,
        0.0,
        0.0,
        0.0,
        0.0,
        0.0,
        0.0,
        0.6322418136020151,
        0.7531486146095718,
        0.7204030226700252,
        0.8564231738035264,
        0.7304785894206549,
        0.8841309823677582,
        0.8236775818639799,
        0.7204030226700252,
        0.7657430730478589,
        0.030226700251889168,
        0.5314861460957179,
        0.5617128463476071,
        0.8639798488664987,
        0.0,
        0.0
      ],
      "2": [
        0.0,
        0.0,
        0.0,
        0.0,
        0.0,
        0.0,
        0.0,
        0.0,
        0.0,
        0.0,
        0.0,
        0.0,
        0.0,
        0.0,
        0.0,
        0.0,
        0.0,
        0.002544529262086514,
        0.0,
        0.05343511450381679,
        0.19592875318066158,
        0.21119592875318066,
        0.7022900763358778,
        0.46055979643765904,
        0.030534351145038167,
        0.05343511450381679,
        0.38676844783715014,
        0.2748091603053435,
        0.13740458015267176,
        0.33587786259541985,
        0.0,
        0.0
      ],
      "3": [
        0.0,
        0.0,
        0.0,
        0.0,
        0.0,
        0.0,
        0.0,
        0.0,
        0.0,
        0.0,
        0.0,
        0.0,
        0.0,
        0.0,
        0.0,
        0.0,
        0.0,
        0.29,
        0.315,
        0.3375,
        0.6625,
        0.54,
        0.7425,
        0.5525,
        0.275,
        0.15,
        0.1425,
        0.4625,
        0.42,
        0.7,
        0.0,
        0.0
      ],
      "4": [
        0.0,
        0.0,
        0.0,
        0.0,
        0.0,
        0.0,
        0.0,
        0.0,
        0.0,
        0.0,
        0.0,
        0.0,
        0.0,
        0.0,
        0.0,
        0.0,
        0.0,
        0.0,
        0.0,
        0.02,
        0.075,
        0.145,
        0.6,
        0.495,
        0.035,
        0.0275,
        0.4525,
        0.385,
        0.0675,
        0.395,
        0.0,
        0.0
      ],
      "5": [
        0.0,
        0.0,
        0.0,
        0.0,
        0.0,
        0.0,
        0.0,
        0.0,
        0.0,
        0.0,
        0.0,
        0.0,
        0.0,
        0.0,
        0.0,
        0.0,
        0.0,
        0.0025,
        0.035,
        0.215,
        0.555,
        0.3275,
        0.615,
        0.3925,
        0.2725,
        0.05,
        0.14,
        0.315,
        0.3325,
        0.58,
        0.0,
        0.0
      ]
    },
    "mhsa": {
      "0": [
        0.0,
        0.0,
        0.0,
        0.0,
        0.0,
        0.0,
        0.0,
        0.0,
        0.0,
        0.0,
        0.0,
        0.0,
        0.0,
        0.0,
        0.0,
        0.0,
        0.6086956521739131,
        0.8644501278772379,
        0.7774936061381074,
        0.7749360613810742,
        0.1815856777493606,
        0.0025575447570332483,
        0.5012787723785166,
        0.0076726342710997444,
        0.47570332480818417,
        0.09718670076726342,
        0.24552429667519182,
        0.0,
        0.0,
        0.5677749360613811,
        0.0,
        0.659846547314578
      ],