{
  "results": {
    "mlp": [
      0.0,
      0.0,
      0.0,
      0.0,
      0.0,
      0.0,
      0.0,
      0.0,
      0.0,
      0.0,
      0.0,
      0.0,
      0.0,
      0.0,
      0.0,
      0.0,
      0.0,
      0.09070631970260223,
      0.11226765799256505,
      0.3702602230483271,
      0.4074349442379182,
      0.44981412639405205,
      0.7197026022304833,
      0.5836431226765799,
      0.3643122676579926,
      0.38066914498141263,
      0.21115241635687731,
      0.3033457249070632,
      0.09888475836431226,
      0.5420074349442379,
      0.0,
      0.0
    ],
    "mhsa": [
      0.0,
      0.0,
      0.0,
      0.0,
      0.0,
      0.0,
      0.0,
      0.0,
      0.0,
      0.0,
      0.0,
      0.0,
      0.0,
      0.0,
      0.002973977695167286,
      0.0,
      0.3397769516728624,
      0.33903345724907064,
      0.48475836431226765,
      0.40223048327137545,
      0.43717472118959105,
      0.13234200743494423,
      0.43940520446096654,
      0.0022304832713754648,
      0.7070631970260223,
      0.04684014869888476,
      0.5747211895910781,
      0.0,
      0.0,
      0.4855018587360595,
      0.0007434944237918215,
      0.6966542750929368
    ],
    "layer": [
      0.0,
      0.0,
      0.0,
      0.0,
      0.0,
      0.0,
      0.0,
      0.0,
      0.0,
      0.0,
      0.0,
      0.0,
      0.06319702602230483,
      0.040892193308550186,
      0.09814126394052045,
      0.11747211895910781,
      0.15613382899628253,
      0.21115241635687731,
      0.42230483271375463,
      0.6356877323420075,
      0.924907063197026,
      0.924907063197026,
      0.966542750929368,
      0.9605947955390335,
      0.9635687732342008,
      0.9553903345724907,
      0.9732342007434944,
      0.9702602230483272,
      0.9390334572490706,
      0.9345724907063196,
      0.9301115241635688,
      1.0
    ]
  },
  "num_layers": 32,
  "num_examples": 400,
  "stats": {
    "examples_processed": 400,
    "steps_analyzed": 2400,
    "steps_with_correct_final_prediction": 1345
  }
}